order_id,customer_id,order_date,product_id,product_name,product_price,quantity
1,CUST013,31/01/2023,WXY789,Oceanic Opulence Body Butter,227.29,7
2,CUST070,21/12/2023,ABC901,Jasmine Joy Bubble Bath,123.76,8
3,CUST071,27/06/2023,NOP890,Citrus Splash Perfume,299.52,9
4,CUST028,05/09/2023,ZAB012,Maple Syrup Lip Balm,92.43,10
5,CUST039,05/01/2023,IJK901,Cinnamon Swirl Body Oil,268.24,8
6,CUST002,22/08/2023,VWX012,Blueberry Blast Face Wash,468.76,10
7,CUST016,18/11/2023,FGH890,Lemonade Lip Liner,389.2,6
8,CUST004,20/05/2023,OPQ567,Cucumber Coolness Face Mask,475.02,4
9,CUST045,26/03/2023,HIJ456,Rose Petal Face Mask,284.35,5
10,CUST078,19/10/2023,CDE345,Cherry Blossom Shampoo,113.02,4
11,CUST025,09/02/2023,OPQ789,Tropical Paradise Body Lotion,233.19,4
12,CUST033,19/08/2023,VWX012,Ruby Red Lip Liner,89.56,8
13,CUST013,17/05/2023,MNO345,Grapefruit Glow Body Wash,251.08,2
14,CUST066,17/06/2023,JKL890,Sunset Serenade Lipstick,369.36,9
15,CUST009,20/12/2023,QRS123,Coral Crush Nail File,283.0,2
16,CUST061,08/10/2023,PQR678,Citrus Splash Perfume,149.6,4
17,CUST049,23/01/2023,ABC901,Ocean Breeze Body Wash,394.52,7
18,CUST097,29/12/2023,STU901,Blueberry Blast Face Wash,298.77,9
19,CUST082,30/04/2023,FGH890,Sapphire Skies Eyeliner,71.65,5
20,CUST044,08/10/2023,HIJ456,Cocoa Butter Body Butter,423.03,3
21,CUST051,22/04/2023,OPQ567,Ocean Breeze Body Wash,222.71,5
22,CUST095,09/04/2023,EFG901,Peony Passion Makeup Remover,198.12,7
23,CUST013,05/04/2023,YZA345,Lilac Love Hand Soap,244.72,3
24,CUST064,01/10/2023,IJK901,Plum Perfect Nail Polish Remover,398.22,8
25,CUST077,18/05/2023,DEF234,Pumpkin Spice Body Scrub,306.09,2
26,CUST006,25/11/2023,ZAB234,Cocoa Butter Body Butter,246.41,7
27,CUST001,18/04/2023,QRS123,Champagne Sparkle Body Powder,216.06,3
28,CUST031,05/01/2023,JKL890,Mountain Mist Deodorant,101.27,5
29,CUST013,03/02/2023,HIJ456,Pineapple Paradise Body Spray,436.93,7
30,CUST052,19/05/2023,JKL890,Mystic Forest Eyeshadow,433.39,8
31,CUST019,17/04/2023,KLM789,Lemon Twist Perfume,58.01,5
32,CUST056,29/08/2023,GHI567,Champagne Sparkle Body Powder,375.4,10
33,CUST068,25/08/2023,KLM567,Peony Passion Makeup Remover,187.76,8
34,CUST063,23/01/2023,NOP012,Vanilla Bean Hand Cream,394.95,10
35,CUST085,02/05/2023,BCD678,Aloe Vera Sunscreen,261.56,10
36,CUST027,02/09/2023,BCD890,Peony Passion Makeup Remover,71.01,7
37,CUST036,20/07/2023,TUV678,Pumpkin Spice Body Scrub,68.17,1
38,CUST024,20/08/2023,TUV678,Sapphire Skies Eyeliner,280.61,3
39,CUST073,12/12/2023,JKL890,Lemonade Lip Liner,228.39,4
40,CUST028,04/12/2023,KLM567,Mountain Mist Deodorant,456.59,3
41,CUST055,09/10/2023,MNO345,Plum Perfect Nail Polish Remover,170.36,2
42,CUST055,15/10/2023,ABC123,Pineapple Paradise Body Spray,10.61,4
43,CUST004,27/12/2023,MNO345,Coconut Dream Hair Mask,329.03,4
44,CUST054,03/05/2023,FGH678,Ruby Red Lip Liner,162.78,6
45,CUST058,28/04/2023,HIJ234,Oceanic Opulence Body Butter,335.54,4
46,CUST078,16/04/2023,WXY901,Peony Passion Makeup Remover,219.57,8
47,CUST100,13/10/2023,KLM567,Coral Crush Nail File,297.01,5
48,CUST033,24/08/2023,GHI789,Mango Tango Hair Serum,275.53,9
49,CUST010,01/05/2023,ABC901,Pineapple Paradise Body Spray,120.12,6
50,CUST003,11/06/2023,MNO345,Citrus Splash Perfume,33.17,6
51,CUST071,06/02/2023,KLM567,Silver Lining Nail Clippers,29.7,9
52,CUST063,05/09/2023,OPQ789,Plum Perfect Nail Polish Remover,436.94,9
53,CUST024,04/04/2023,LMN234,Coral Crush Nail File,365.27,8
54,CUST083,31/05/2023,JKL012,Peachy Keen Blush,495.21,5
55,CUST025,09/05/2023,HIJ456,Golden Glow Highlighter,84.94,7
56,CUST092,20/05/2023,HIJ234,Rosemary Relaxation Bath Oil,198.6,1
57,CUST087,28/02/2023,BCD890,Midnight Moonlight Candle,366.17,7
58,CUST013,02/04/2023,TUV678,Emerald Enchantment Mascara,233.75,8
59,CUST040,11/10/2023,VWX234,Grapefruit Glow Body Wash,458.12,4
60,CUST088,24/12/2023,BCD678,Peachy Keen Blush,138.86,2
61,CUST029,02/01/2023,WXY789,Midnight Moonlight Candle,473.41,4
62,CUST033,15/12/2023,FGH678,Rose Petal Face Mask,423.98,2
63,CUST009,17/06/2023,YZA567,Mystic Forest Eyeshadow,392.61,8
64,CUST003,12/10/2023,GHI789,Cinnamon Swirl Body Oil,381.23,5
65,CUST053,09/11/2023,DEF456,Cinnamon Swirl Body Oil,343.91,4
66,CUST037,30/03/2023,QRS345,Pineapple Paradise Body Spray,297.35,4
67,CUST024,01/05/2023,ABC901,Mountain Mist Deodorant,444.73,5
68,CUST005,14/08/2023,RST012,Oceanic Opulence Body Butter,297.07,3
69,CUST089,05/01/2023,BCD678,Grapefruit Glow Body Wash,317.03,8
70,CUST025,21/09/2023,LMN234,Coconut Dream Hair Mask,461.76,10
71,CUST032,17/12/2023,ABC123,Peppermint Patty Foot Cream,407.87,10
72,CUST069,28/11/2023,VWX012,Lavender Fields Bath Salts,159.42,1
73,CUST070,29/05/2023,ABC901,Midnight Moonlight Candle,121.6,5
74,CUST017,13/11/2023,JKL890,Ocean Breeze Body Wash,309.69,1
75,CUST029,07/06/2023,OPQ567,Winter Wonderland Nail Polish,167.61,8
76,CUST096,27/01/2023,TUV456,Lemon Twist Perfume,64.16,6
77,CUST087,06/12/2023,KLM789,Coconut Dream Hair Mask,195.65,6
78,CUST073,05/08/2023,LMN456,Eucalyptus Elegance Shampoo,264.45,9
79,CUST100,10/04/2023,WXY789,Rosemary Relaxation Bath Oil,112.76,1
80,CUST025,15/05/2023,FGH678,Cherry Cheesecake Lip Scrub,94.65,5
81,CUST017,06/08/2023,ZAB012,Berry Bliss Lip Balm,323.41,7
82,CUST087,30/03/2023,LMN234,Aloe Vera Sunscreen,444.03,7
83,CUST017,26/09/2023,YZA345,Coral Crush Nail File,236.92,2
84,CUST090,01/02/2023,HIJ234,Aloe Vera Sunscreen,387.25,7
85,CUST064,20/10/2023,HIJ456,Cinnamon Swirl Body Oil,57.97,2
86,CUST016,22/08/2023,PQR678,Pumpkin Spice Body Scrub,227.17,10
87,CUST086,29/05/2023,MNO123,Lemonade Lip Liner,213.28,9
88,CUST011,09/03/2023,BCD890,Eucalyptus Elegance Shampoo,163.96,2
89,CUST035,15/12/2023,GHI567,Cocoa Butter Body Butter,226.28,3
90,CUST073,23/02/2023,CDE567,Ruby Red Lip Liner,312.53,10
91,CUST006,18/07/2023,NOP890,Grapefruit Glow Body Wash,341.28,2
92,CUST034,28/10/2023,BCD678,Mountain Mist Deodorant,446.74,9
93,CUST026,01/07/2023,QRS123,Mountain Mist Deodorant,375.63,9
94,CUST019,20/09/2023,IJK901,Jasmine Joy Bubble Bath,118.36,6
95,CUST036,11/03/2023,LMN456,Cocoa Butter Body Butter,53.33,5
96,CUST098,15/11/2023,TUV678,Citrus Splash Perfume,47.8,7
97,CUST014,10/01/2023,QRS345,Silver Lining Nail Clippers,290.16,1
98,CUST017,16/10/2023,OPQ789,Vanilla Bean Hand Cream,34.96,5
99,CUST001,18/09/2023,FGH890,Winter Wonderland Nail Polish,57.04,3
100,CUST014,01/08/2023,JKL012,Maple Syrup Lip Balm,385.07,8
101,CUST061,25/01/2023,ABC901,Citrus Splash Perfume,195.58,2
102,CUST093,26/11/2023,TUV678,Midnight Moonlight Candle,47.23,9
103,CUST034,08/05/2023,WXY789,Honeydew Melon Body Mist,163.14,8
104,CUST083,22/04/2023,PQR678,Silver Lining Nail Clippers,170.46,1
105,CUST056,06/02/2023,EFG901,Coral Crush Nail File,109.3,2
106,CUST034,29/04/2023,LMN234,Sunset Serenade Lipstick,289.96,1
107,CUST023,27/01/2023,UVW345,Cotton Candy Lip Gloss,304.07,4
108,CUST032,08/11/2023,YZA567,Tropical Paradise Body Lotion,136.26,10
109,CUST078,20/06/2023,ZAB234,Winter Wonderland Nail Polish,86.28,7
110,CUST083,14/04/2023,JKL890,Sunset Serenade Lipstick,165.67,7
111,CUST021,04/06/2023,OPQ789,Coconut Dream Hair Mask,258.03,6
112,CUST086,29/06/2023,OPQ789,Midnight Moonlight Candle,350.44,9
113,CUST031,14/10/2023,QRS123,Cocoa Butter Body Butter,13.04,5
114,CUST073,29/01/2023,STU789,Oceanic Opulence Body Butter,475.53,1
115,CUST031,08/01/2023,BCD890,Sapphire Skies Eyeliner,191.49,6
116,CUST021,20/03/2023,UVW345,Mountain Mist Deodorant,181.79,2
117,CUST038,24/07/2023,STU789,Eucalyptus Elegance Shampoo,213.08,6
118,CUST081,04/11/2023,KLM789,Berry Bliss Lip Balm,56.01,10
119,CUST027,14/04/2023,TUV678,Peony Passion Makeup Remover,386.53,7
120,CUST035,15/06/2023,TUV456,Aloe Vera Sunscreen,276.07,9
121,CUST043,23/03/2023,JKL012,Golden Glow Highlighter,264.6,7
122,CUST075,31/08/2023,UVW345,Rose Petal Face Mask,296.07,5
123,CUST070,17/09/2023,IJK123,Emerald Enchantment Mascara,185.56,9
124,CUST082,17/07/2023,MNO123,Rose Petal Face Mask,352.26,2
125,CUST001,08/07/2023,UVW345,Plum Perfect Nail Polish Remover,375.85,1
126,CUST046,08/03/2023,WXY901,Pumpkin Spice Body Scrub,346.81,2
127,CUST064,08/09/2023,XYZ678,Pineapple Paradise Body Spray,300.9,10
128,CUST095,10/10/2023,WXY901,Vanilla Bean Hand Cream,405.98,5
129,CUST087,03/09/2023,STU901,Rose Petal Face Mask,428.29,5
130,CUST071,06/04/2023,DEF456,Turquoise Tranquility Face Toner,14.89,10
131,CUST044,18/07/2023,STU901,Pumpkin Spice Body Scrub,335.34,9
132,CUST013,04/11/2023,PQR678,Cinnamon Swirl Body Oil,260.48,4
133,CUST087,28/08/2023,MNO123,Cocoa Butter Body Butter,48.17,9
134,CUST020,22/08/2023,PQR456,Cinnamon Swirl Body Oil,272.6,6
135,CUST024,18/11/2023,KLM789,Vanilla Bean Hand Cream,471.62,6
136,CUST027,11/09/2023,QRS345,Lilac Love Hand Soap,141.87,9
137,CUST095,25/05/2023,RST012,Peony Passion Makeup Remover,373.38,3
138,CUST083,11/04/2023,EFG123,Honeydew Melon Body Mist,455.9,10
139,CUST063,25/07/2023,PQR678,Jasmine Joy Bubble Bath,413.66,10
140,CUST009,06/03/2023,IJK901,Lemonade Lip Liner,358.39,9
141,CUST052,03/05/2023,NOP012,Lemon Twist Perfume,460.15,5
142,CUST082,21/03/2023,LMN234,Pineapple Paradise Body Spray,182.68,1
143,CUST021,20/12/2023,DEF234,Citrus Splash Perfume,156.17,3
144,CUST038,20/05/2023,XYZ678,Honeydew Melon Body Mist,183.65,2
145,CUST062,09/07/2023,GHI789,Grapefruit Glow Body Wash,389.32,2
146,CUST052,20/12/2023,PQR456,Plum Perfect Nail Polish Remover,103.91,7
147,CUST062,27/03/2023,VWX012,Ocean Breeze Body Wash,489.74,4
148,CUST075,04/01/2023,LMN234,Golden Glow Highlighter,426.32,2
149,CUST034,14/02/2023,KLM567,Midnight Moonlight Candle,416.71,6
150,CUST038,16/12/2023,MNO345,Coconut Dream Hair Mask,308.19,2
151,CUST088,05/11/2023,UVW345,Eucalyptus Elegance Shampoo,458.45,10
152,CUST003,07/09/2023,HIJ234,Midnight Moonlight Candle,265.87,10
153,CUST024,29/05/2023,EFG123,Cherry Blossom Shampoo,55.17,4
154,CUST020,01/11/2023,STU901,Lemonade Lip Liner,127.15,4
155,CUST004,16/12/2023,YZA345,Cotton Candy Lip Gloss,68.97,2
156,CUST100,20/10/2023,LMN456,Cucumber Coolness Face Mask,462.6,6
157,CUST073,16/02/2023,RST012,Rosemary Relaxation Bath Oil,337.51,3
158,CUST021,22/05/2023,EFG901,Pumpkin Spice Body Scrub,195.02,3
159,CUST034,10/09/2023,FGH678,Lilac Love Hand Soap,13.59,5
160,CUST024,10/02/2023,FGH890,Lemonade Lip Liner,435.32,5
161,CUST093,19/07/2023,GHI567,Grapefruit Glow Body Wash,71.47,4
162,CUST012,20/09/2023,KLM567,Cherry Blossom Shampoo,246.77,5
163,CUST086,10/03/2023,CDE345,Jasmine Joy Bubble Bath,343.85,7
164,CUST056,10/06/2023,KLM789,Mystic Forest Eyeshadow,154.82,10
165,CUST061,19/12/2023,EFG123,Jasmine Joy Bubble Bath,236.69,6
166,CUST075,15/10/2023,QRS345,Rosemary Relaxation Bath Oil,450.87,8
167,CUST001,11/01/2023,TUV678,Amethyst Allure Eye Cream,210.22,8
168,CUST093,14/02/2023,QRS345,Lavender Fields Bath Salts,157.44,6
169,CUST021,24/11/2023,IJK901,Cocoa Butter Body Butter,243.7,2
170,CUST008,09/10/2023,WXY901,Tropical Paradise Body Lotion,440.89,3
171,CUST091,04/02/2023,VWX234,Cotton Candy Lip Gloss,181.45,4
172,CUST003,19/10/2023,HIJ456,Rosemary Relaxation Bath Oil,286.62,1
173,CUST016,03/11/2023,LMN234,Cucumber Coolness Face Mask,437.75,9
174,CUST018,23/06/2023,BCD678,Silver Lining Nail Clippers,460.76,9
175,CUST014,08/09/2023,ZAB012,Sunset Serenade Lipstick,469.83,4
176,CUST036,31/01/2023,ZAB234,Pumpkin Spice Body Scrub,91.59,6
177,CUST014,31/08/2023,KLM567,Rose Petal Face Mask,131.98,5
178,CUST089,01/02/2023,QRS345,Coral Crush Nail File,297.0,9
179,CUST010,22/09/2023,TUV678,Berry Bliss Lip Balm,428.1,7
180,CUST017,26/04/2023,WXY789,Lemonade Lip Liner,213.95,8
181,CUST067,16/12/2023,FGH890,Oceanic Opulence Body Butter,336.55,1
182,CUST036,04/08/2023,NOP890,Amber Aura Cologne,137.95,5
183,CUST003,25/08/2023,FGH890,Cherry Cheesecake Lip Scrub,336.76,9
184,CUST038,16/02/2023,STU789,Mystic Forest Eyeshadow,30.14,1
185,CUST098,20/06/2023,BCD678,Eucalyptus Elegance Shampoo,16.2,2
186,CUST086,16/03/2023,STU789,Lemon Twist Perfume,132.45,1
187,CUST056,29/05/2023,CDE567,Berry Bliss Lip Balm,303.45,1
188,CUST076,08/02/2023,TUV456,Pumpkin Spice Body Scrub,16.5,5
189,CUST092,05/12/2023,OPQ567,Jasmine Joy Bubble Bath,178.79,1
190,CUST093,05/06/2023,ABC123,Sunflower Sunshine Sunblock,287.56,5
191,CUST054,08/10/2023,DEF234,Peachy Keen Blush,276.72,8
192,CUST097,27/02/2023,STU901,Emerald Enchantment Mascara,194.43,1
193,CUST044,23/10/2023,KLM567,Lemon Twist Perfume,192.04,5
194,CUST061,28/07/2023,PQR678,Peppermint Patty Foot Cream,66.35,5
195,CUST021,23/09/2023,MNO123,Tropical Paradise Body Lotion,100.55,10
196,CUST057,12/02/2023,NOP890,Coconut Dream Hair Mask,33.36,9
197,CUST048,09/05/2023,NOP890,Coral Crush Nail File,477.93,4
198,CUST002,17/01/2023,IJK123,Rose Petal Face Mask,204.57,2
199,CUST027,02/06/2023,JKL012,Sunset Serenade Lipstick,334.72,4
200,CUST035,04/11/2023,HIJ234,Eucalyptus Elegance Shampoo,58.32,7
201,CUST038,13/05/2023,OPQ567,Honeydew Melon Body Mist,368.71,2
202,CUST043,29/07/2023,LMN456,Ocean Breeze Body Wash,186.16,9
203,CUST075,24/03/2023,FGH890,Plum Perfect Nail Polish Remover,85.18,9
204,CUST005,30/08/2023,OPQ789,Pineapple Paradise Body Spray,115.24,9
205,CUST076,13/10/2023,KLM567,Peony Passion Makeup Remover,272.26,5
206,CUST077,24/01/2023,ABC901,Pumpkin Spice Body Scrub,128.18,6
207,CUST055,28/04/2023,ABC123,Champagne Sparkle Body Powder,497.83,1
208,CUST002,30/06/2023,OPQ789,Blueberry Blast Face Wash,102.8,5
209,CUST065,04/06/2023,OPQ567,Silver Lining Nail Clippers,386.91,7
210,CUST011,24/05/2023,PQR678,Ocean Breeze Body Wash,382.49,1
211,CUST088,14/10/2023,CDE345,Honeydew Melon Body Mist,414.94,2
212,CUST044,10/10/2023,HIJ234,Silver Lining Nail Clippers,90.45,4
213,CUST097,04/06/2023,EFG901,Jasmine Joy Bubble Bath,415.85,2
214,CUST020,30/03/2023,STU901,Citrus Splash Perfume,154.27,7
215,CUST099,25/10/2023,EFG901,Honeydew Melon Body Mist,374.37,10
216,CUST100,14/11/2023,WXY789,Cotton Candy Lip Gloss,479.14,5
217,CUST091,09/12/2023,EFG123,Rose Petal Face Mask,128.09,8
218,CUST054,28/03/2023,CDE345,Cucumber Coolness Face Mask,359.91,7
219,CUST045,20/08/2023,RST012,Sapphire Skies Eyeliner,451.05,4
220,CUST008,22/06/2023,CDE567,Oceanic Opulence Body Butter,93.45,4
221,CUST027,23/03/2023,TUV678,Lilac Love Hand Soap,454.53,1
222,CUST032,16/01/2023,RST012,Jasmine Joy Bubble Bath,473.51,4
223,CUST092,01/03/2023,NOP012,Mountain Mist Deodorant,47.58,5
224,CUST045,05/01/2023,YZA567,Sunset Serenade Lipstick,479.15,9
225,CUST076,11/07/2023,PQR678,Lemonade Lip Liner,275.94,5
226,CUST072,01/12/2023,TUV456,Midnight Moonlight Candle,432.6,2
227,CUST051,24/04/2023,WXY789,Aloe Vera Sunscreen,267.93,2
228,CUST078,29/04/2023,KLM567,Peony Passion Makeup Remover,230.27,6
229,CUST045,26/02/2023,NOP012,Cherry Blossom Shampoo,269.09,10
230,CUST017,02/09/2023,YZA567,Cucumber Coolness Face Mask,387.84,5
231,CUST032,07/05/2023,STU789,Berry Bliss Lip Balm,332.75,5
232,CUST052,23/08/2023,GHI567,Plum Perfect Nail Polish Remover,39.74,1
233,CUST014,07/05/2023,FGH678,Cocoa Butter Body Butter,335.48,4
234,CUST021,27/02/2023,PQR456,Amethyst Allure Eye Cream,29.27,2
235,CUST062,06/08/2023,PQR678,Lilac Love Hand Soap,134.04,1
236,CUST052,02/10/2023,DEF234,Grapefruit Glow Body Wash,388.04,7
237,CUST082,10/06/2023,VWX234,Pineapple Paradise Body Spray,489.12,8
238,CUST072,31/07/2023,KLM567,Sunset Serenade Lipstick,234.21,4
239,CUST045,16/02/2023,VWX012,Midnight Moonlight Candle,434.3,6
240,CUST012,01/11/2023,HIJ456,Cotton Candy Lip Gloss,346.84,8
241,CUST013,21/05/2023,HIJ234,Peony Passion Makeup Remover,131.76,2
242,CUST085,16/09/2023,MNO123,Pineapple Paradise Body Spray,492.62,5
243,CUST050,17/10/2023,MNO123,Golden Glow Highlighter,45.62,9
244,CUST065,16/05/2023,ABC901,Lavender Fields Bath Salts,372.55,7
245,CUST087,24/04/2023,QRS345,Sunflower Sunshine Sunblock,183.2,5
246,CUST051,05/06/2023,BCD678,Sapphire Skies Eyeliner,181.44,3
247,CUST057,23/01/2023,VWX234,Emerald Enchantment Mascara,290.76,1
248,CUST051,09/10/2023,FGH890,Sunflower Sunshine Sunblock,409.77,5
249,CUST065,17/09/2023,LMN456,Plum Perfect Nail Polish Remover,441.76,6
250,CUST071,06/05/2023,FGH678,Aloe Vera Sunscreen,322.41,4
251,CUST052,22/10/2023,ZAB234,Peppermint Patty Foot Cream,407.82,8
252,CUST030,23/01/2023,QRS345,Turquoise Tranquility Face Toner,402.99,4
253,CUST052,18/12/2023,CDE345,Ocean Breeze Body Wash,317.54,8
254,CUST097,21/11/2023,TUV678,Maple Syrup Lip Balm,451.25,1
255,CUST031,23/04/2023,VWX012,Lilac Love Hand Soap,9.49,8
256,CUST014,22/10/2023,YZA567,Citrus Splash Perfume,45.12,10
257,CUST035,17/06/2023,TUV678,Ruby Red Lip Liner,158.94,3
258,CUST073,24/04/2023,LMN234,Citrus Splash Perfume,249.93,7
259,CUST004,06/06/2023,OPQ789,Mystic Forest Eyeshadow,489.4,7
260,CUST042,25/02/2023,GHI567,Ruby Red Lip Liner,153.75,6
261,CUST073,27/09/2023,XYZ678,Plum Perfect Nail Polish Remover,109.08,10
262,CUST096,23/12/2023,RST012,Grapefruit Glow Body Wash,416.22,1
263,CUST015,29/03/2023,OPQ567,Maple Syrup Lip Balm,195.58,5
264,CUST080,16/01/2023,OPQ567,Sapphire Skies Eyeliner,373.21,6
265,CUST038,26/09/2023,HIJ456,Emerald Enchantment Mascara,337.81,1
266,CUST082,29/10/2023,BCD890,Coconut Dream Hair Mask,341.75,5
267,CUST036,14/03/2023,BCD890,Pineapple Paradise Body Spray,261.13,7
268,CUST096,20/11/2023,QRS123,Turquoise Tranquility Face Toner,232.4,9
269,CUST045,21/05/2023,VWX012,Midnight Moonlight Candle,178.7,4
270,CUST031,22/04/2023,CDE567,Amber Aura Cologne,301.16,2
271,CUST028,05/03/2023,PQR456,Blueberry Blast Face Wash,10.74,7
272,CUST090,14/04/2023,ABC901,Oceanic Opulence Body Butter,65.74,4
273,CUST052,23/01/2023,FGH890,Peachy Keen Blush,169.17,8
274,CUST071,24/05/2023,HIJ456,Oceanic Opulence Body Butter,455.77,4
275,CUST073,31/03/2023,UVW345,Berry Bliss Lip Balm,77.56,1
276,CUST069,22/08/2023,ZAB234,Sunset Serenade Lipstick,411.36,2
277,CUST041,17/05/2023,ABC123,Turquoise Tranquility Face Toner,491.15,5
278,CUST096,09/06/2023,UVW345,Jasmine Joy Bubble Bath,163.23,3
279,CUST095,28/01/2023,RST012,Ocean Breeze Body Wash,253.68,10
280,CUST053,18/05/2023,NOP012,Amethyst Allure Eye Cream,192.32,3
281,CUST047,10/04/2023,UVW345,Sapphire Skies Eyeliner,487.24,4
282,CUST003,08/08/2023,XYZ678,Peony Passion Makeup Remover,390.33,10
283,CUST070,03/01/2023,HIJ456,Lilac Love Hand Soap,244.41,9
284,CUST085,14/11/2023,QRS123,Lemonade Lip Liner,118.33,8
285,CUST016,29/04/2023,LMN234,Cotton Candy Lip Gloss,227.16,3
286,CUST019,13/01/2023,VWX012,Ruby Red Lip Liner,122.73,10
287,CUST063,27/04/2023,ZAB234,Cherry Cheesecake Lip Scrub,312.71,7
288,CUST035,13/05/2023,YZA567,Emerald Enchantment Mascara,292.53,3
289,CUST058,29/09/2023,RST012,Citrus Splash Perfume,334.31,4
290,CUST058,28/02/2023,NOP012,Champagne Sparkle Body Powder,311.5,10
291,CUST025,27/10/2023,PQR678,Peachy Keen Blush,255.22,9
292,CUST077,30/01/2023,WXY789,Sunset Serenade Lipstick,454.88,7
293,CUST036,17/06/2023,ZAB234,Mountain Mist Deodorant,252.13,4
294,CUST086,12/09/2023,KLM789,Pineapple Paradise Body Spray,92.2,3
295,CUST056,01/02/2023,TUV678,Sapphire Skies Eyeliner,86.05,4
296,CUST092,23/11/2023,MNO123,Cotton Candy Lip Gloss,444.11,7
297,CUST010,08/04/2023,CDE567,Peony Passion Makeup Remover,478.31,2
298,CUST009,30/09/2023,QRS123,Cherry Blossom Shampoo,342.52,5
299,CUST045,20/03/2023,IJK123,Golden Glow Highlighter,441.34,3
300,CUST051,13/04/2023,LMN234,Lemonade Lip Liner,459.03,2
301,CUST022,29/07/2023,ABC123,Mystic Forest Eyeshadow,165.63,7
302,CUST038,24/10/2023,TUV456,Rosemary Relaxation Bath Oil,138.72,5
303,CUST080,22/03/2023,FGH678,Aloe Vera Sunscreen,45.43,1
304,CUST046,26/11/2023,VWX012,Silver Lining Nail Clippers,470.38,9
305,CUST067,23/09/2023,EFG901,Lavender Fields Bath Salts,381.88,8
306,CUST025,19/10/2023,VWX012,Pineapple Paradise Body Spray,406.4,1
307,CUST043,14/01/2023,ZAB234,Rose Petal Face Mask,376.54,9
308,CUST042,03/03/2023,HIJ456,Champagne Sparkle Body Powder,436.16,10
309,CUST026,12/03/2023,PQR678,Cherry Cheesecake Lip Scrub,156.52,1
310,CUST059,16/08/2023,TUV456,Plum Perfect Nail Polish Remover,455.64,6
311,CUST097,25/04/2023,NOP012,Mango Tango Hair Serum,210.49,8
312,CUST097,29/09/2023,STU789,Plum Perfect Nail Polish Remover,441.61,1
313,CUST050,25/11/2023,NOP012,Mountain Mist Deodorant,361.29,10
314,CUST013,30/07/2023,BCD678,Rose Petal Face Mask,389.59,6
315,CUST082,14/01/2023,DEF234,Ruby Red Lip Liner,447.14,4
316,CUST062,16/07/2023,QRS345,Berry Bliss Lip Balm,473.1,4
317,CUST080,30/11/2023,GHI789,Pumpkin Spice Body Scrub,100.73,8
318,CUST054,14/09/2023,VWX234,Citrus Splash Perfume,96.33,9
319,CUST079,13/05/2023,PQR678,Winter Wonderland Nail Polish,310.13,6
320,CUST049,23/10/2023,HIJ234,Lemonade Lip Liner,175.3,1
321,CUST016,23/02/2023,WXY789,Aloe Vera Sunscreen,305.78,3
322,CUST021,08/01/2023,KLM567,Silver Lining Nail Clippers,381.48,4
323,CUST031,18/04/2023,ZAB012,Oceanic Opulence Body Butter,26.05,2
324,CUST079,17/08/2023,OPQ567,Emerald Enchantment Mascara,216.22,2
325,CUST054,04/11/2023,PQR456,Cucumber Coolness Face Mask,290.63,3
326,CUST031,17/10/2023,XYZ678,Eucalyptus Elegance Shampoo,181.9,5
327,CUST001,11/01/2023,BCD678,Vanilla Bean Hand Cream,69.41,7
328,CUST016,11/07/2023,EFG901,Grapefruit Glow Body Wash,338.04,2
329,CUST077,22/10/2023,GHI567,Sunset Serenade Lipstick,17.79,7
330,CUST038,09/04/2023,HIJ234,Grapefruit Glow Body Wash,264.31,4
331,CUST019,11/10/2023,JKL890,Peppermint Patty Foot Cream,175.7,4
332,CUST004,28/02/2023,DEF456,Rose Petal Face Mask,246.26,3
333,CUST043,08/10/2023,BCD890,Oceanic Opulence Body Butter,397.74,5
334,CUST039,05/08/2023,DEF234,Cotton Candy Lip Gloss,123.7,1
335,CUST001,01/09/2023,UVW345,Winter Wonderland Nail Polish,224.66,4
336,CUST056,26/05/2023,DEF234,Oceanic Opulence Body Butter,125.75,6
337,CUST091,06/04/2023,YZA567,Cinnamon Swirl Body Oil,155.76,5
338,CUST062,14/02/2023,IJK901,Oceanic Opulence Body Butter,467.66,1
339,CUST029,29/10/2023,NOP890,Aloe Vera Sunscreen,210.04,6
340,CUST027,15/01/2023,OPQ567,Mystic Forest Eyeshadow,437.41,2
341,CUST010,09/12/2023,NOP012,Mountain Mist Deodorant,186.03,7
342,CUST007,19/01/2023,MNO123,Ocean Breeze Body Wash,224.85,9
343,CUST017,08/05/2023,STU789,Coral Crush Nail File,50.22,3
344,CUST051,18/11/2023,LMN456,Blueberry Blast Face Wash,416.24,10
345,CUST088,30/08/2023,ZAB234,Silver Lining Nail Clippers,315.33,2
346,CUST068,14/06/2023,ZAB234,Ruby Red Lip Liner,316.99,8
347,CUST012,12/11/2023,STU789,Mystic Forest Eyeshadow,7.42,2
348,CUST037,24/01/2023,TUV456,Cocoa Butter Body Butter,334.39,3
349,CUST067,15/08/2023,CDE345,Peachy Keen Blush,446.65,4
350,CUST098,12/05/2023,UVW345,Midnight Moonlight Candle,15.05,5
351,CUST048,03/01/2023,DEF234,Cherry Blossom Shampoo,367.22,1
352,CUST052,15/12/2023,TUV678,Rosemary Relaxation Bath Oil,129.88,9
353,CUST076,23/05/2023,LMN456,Peony Passion Makeup Remover,50.26,10
354,CUST073,07/08/2023,GHI789,Eucalyptus Elegance Shampoo,281.72,3
355,CUST027,18/02/2023,PQR456,Champagne Sparkle Body Powder,6.13,5
356,CUST099,27/06/2023,TUV456,Jasmine Joy Bubble Bath,406.86,9
357,CUST004,05/08/2023,PQR456,Coconut Dream Hair Mask,73.39,5
358,CUST001,02/08/2023,WXY789,Berry Bliss Lip Balm,209.33,5
359,CUST061,06/06/2023,MNO123,Turquoise Tranquility Face Toner,399.03,8
360,CUST048,05/05/2023,QRS345,Mountain Mist Deodorant,149.83,8
361,CUST044,12/07/2023,RST012,Cucumber Coolness Face Mask,231.97,4
362,CUST018,05/03/2023,EFG123,Turquoise Tranquility Face Toner,435.43,9
363,CUST053,23/10/2023,OPQ567,Maple Syrup Lip Balm,70.32,6
364,CUST096,15/02/2023,CDE345,Cocoa Butter Body Butter,138.74,9
365,CUST039,02/06/2023,LMN234,Coral Crush Nail File,232.13,7
366,CUST096,16/07/2023,VWX234,Mango Tango Hair Serum,292.67,10
367,CUST062,14/04/2023,ABC123,Eucalyptus Elegance Shampoo,345.34,7
368,CUST084,25/09/2023,ABC901,Ruby Red Lip Liner,199.14,7
369,CUST080,03/06/2023,STU901,Sunflower Sunshine Sunblock,237.42,5
370,CUST071,02/10/2023,RST012,Rosemary Relaxation Bath Oil,5.44,4
371,CUST030,26/05/2023,YZA567,Grapefruit Glow Body Wash,129.34,4
372,CUST079,15/01/2023,LMN456,Emerald Enchantment Mascara,348.35,6
373,CUST014,06/03/2023,ZAB234,Peachy Keen Blush,390.31,7
374,CUST096,10/11/2023,VWX234,Lemonade Lip Liner,352.43,8
375,CUST070,24/12/2023,ABC901,Golden Glow Highlighter,35.15,10
376,CUST056,20/01/2023,EFG123,Pumpkin Spice Body Scrub,271.96,6
377,CUST046,10/01/2023,CDE345,Sunset Serenade Lipstick,175.59,3
378,CUST041,29/01/2023,STU901,Berry Bliss Lip Balm,169.22,10
379,CUST082,23/10/2023,TUV456,Berry Bliss Lip Balm,299.13,4
380,CUST005,20/04/2023,HIJ456,Honeydew Melon Body Mist,236.79,5
381,CUST087,11/10/2023,IJK901,Winter Wonderland Nail Polish,405.63,1
382,CUST097,20/11/2023,XYZ678,Grapefruit Glow Body Wash,44.82,1
383,CUST049,04/11/2023,FGH890,Rose Petal Face Mask,378.82,5
384,CUST065,27/07/2023,LMN456,Sunset Serenade Lipstick,80.42,4
385,CUST093,13/09/2023,FGH678,Lilac Love Hand Soap,298.03,9
386,CUST067,21/10/2023,EFG901,Vanilla Bean Hand Cream,153.84,6
387,CUST010,28/11/2023,DEF456,Berry Bliss Lip Balm,24.11,4
388,CUST013,05/02/2023,WXY789,Mystic Forest Eyeshadow,241.11,6
389,CUST044,16/11/2023,TUV678,Cherry Cheesecake Lip Scrub,85.25,7
390,CUST047,26/02/2023,ZAB234,Berry Bliss Lip Balm,154.12,7
391,CUST092,04/06/2023,TUV456,Aloe Vera Sunscreen,80.96,8
392,CUST040,15/11/2023,ABC123,Coral Crush Nail File,265.6,7
393,CUST006,30/10/2023,KLM789,Plum Perfect Nail Polish Remover,285.91,2
394,CUST091,07/05/2023,IJK123,Honeydew Melon Body Mist,381.29,4
395,CUST069,04/12/2023,ABC901,Sunflower Sunshine Sunblock,32.52,3
396,CUST077,19/12/2023,KLM789,Amber Aura Cologne,195.8,1
397,CUST084,12/03/2023,LMN234,Champagne Sparkle Body Powder,245.82,7
398,CUST003,20/03/2023,RST012,Grapefruit Glow Body Wash,432.69,7
399,CUST064,11/12/2023,CDE567,Aloe Vera Sunscreen,158.84,7
400,CUST085,30/08/2023,ZAB012,Pineapple Paradise Body Spray,391.47,6
401,CUST048,26/06/2023,EFG123,Ocean Breeze Body Wash,351.83,2
402,CUST050,07/12/2023,XYZ678,Lemonade Lip Liner,153.83,8
403,CUST037,19/05/2023,JKL890,Silver Lining Nail Clippers,387.44,6
404,CUST087,13/11/2023,DEF456,Amethyst Allure Eye Cream,31.88,9
405,CUST009,15/10/2023,EFG901,Vanilla Bean Hand Cream,424.01,6
406,CUST049,19/08/2023,BCD678,Sunflower Sunshine Sunblock,388.83,9
407,CUST012,09/02/2023,LMN234,Lilac Love Hand Soap,400.8,3
408,CUST080,22/02/2023,XYZ678,Tropical Paradise Body Lotion,171.51,6
409,CUST031,14/01/2023,BCD678,Peony Passion Makeup Remover,141.89,7
410,CUST089,15/11/2023,MNO123,Cocoa Butter Body Butter,351.09,8
411,CUST057,09/04/2023,DEF234,Grapefruit Glow Body Wash,313.12,10
412,CUST020,22/08/2023,QRS345,Emerald Enchantment Mascara,366.93,9
413,CUST036,06/08/2023,IJK123,Honeydew Melon Body Mist,133.52,8
414,CUST074,13/01/2023,PQR678,Champagne Sparkle Body Powder,88.08,10
415,CUST005,02/01/2023,UVW345,Lilac Love Hand Soap,169.41,4
416,CUST093,14/06/2023,OPQ789,Lilac Love Hand Soap,79.49,3
417,CUST063,07/05/2023,LMN234,Plum Perfect Nail Polish Remover,30.6,3
418,CUST088,03/11/2023,JKL012,Lavender Fields Bath Salts,20.84,4
419,CUST041,17/07/2023,LMN234,Cotton Candy Lip Gloss,82.68,6
420,CUST076,14/11/2023,GHI567,Winter Wonderland Nail Polish,184.33,7
421,CUST043,27/02/2023,RST012,Lemonade Lip Liner,255.56,2
422,CUST024,20/11/2023,VWX012,Midnight Moonlight Candle,265.84,3
423,CUST075,22/11/2023,DEF234,Emerald Enchantment Mascara,93.67,4
424,CUST033,19/11/2023,ZAB012,Mountain Mist Deodorant,273.56,1
425,CUST076,23/06/2023,WXY901,Winter Wonderland Nail Polish,96.71,2
426,CUST049,24/02/2023,JKL890,Amber Aura Cologne,186.17,4
427,CUST035,24/08/2023,YZA567,Cherry Cheesecake Lip Scrub,59.82,3
428,CUST010,22/04/2023,FGH678,Maple Syrup Lip Balm,185.85,4
429,CUST011,20/03/2023,DEF456,Silver Lining Nail Clippers,210.49,7
430,CUST004,19/01/2023,VWX012,Midnight Moonlight Candle,159.88,10
431,CUST059,23/05/2023,KLM789,Sunflower Sunshine Sunblock,103.95,8
432,CUST083,25/10/2023,YZA567,Cherry Blossom Shampoo,157.73,6
433,CUST059,08/09/2023,WXY789,Mountain Mist Deodorant,124.39,5
434,CUST011,25/12/2023,VWX012,Rose Petal Face Mask,135.14,5
435,CUST044,23/03/2023,FGH678,Plum Perfect Nail Polish Remover,186.61,3
436,CUST077,05/04/2023,DEF456,Turquoise Tranquility Face Toner,238.75,2
437,CUST076,30/01/2023,KLM789,Emerald Enchantment Mascara,152.71,1
438,CUST055,17/06/2023,ZAB012,Lavender Fields Bath Salts,36.99,5
439,CUST009,05/08/2023,WXY789,Peppermint Patty Foot Cream,318.84,8
440,CUST076,18/12/2023,UVW345,Cocoa Butter Body Butter,220.84,9
441,CUST079,06/01/2023,ZAB012,Cotton Candy Lip Gloss,139.8,3
442,CUST040,08/07/2023,ABC123,Pumpkin Spice Body Scrub,439.44,2
443,CUST090,18/07/2023,ABC123,Golden Glow Highlighter,33.79,9
444,CUST065,01/02/2023,WXY789,Sapphire Skies Eyeliner,111.37,3
445,CUST072,09/01/2023,UVW345,Peachy Keen Blush,473.81,3
446,CUST008,12/04/2023,TUV456,Cucumber Coolness Face Mask,433.88,7
447,CUST006,02/01/2023,WXY901,Lavender Fields Bath Salts,228.69,8
448,CUST030,17/10/2023,VWX234,Champagne Sparkle Body Powder,106.51,2
449,CUST082,24/12/2023,IJK123,Rosemary Relaxation Bath Oil,366.94,10
450,CUST020,17/02/2023,EFG123,Cinnamon Swirl Body Oil,92.69,5
451,CUST066,20/03/2023,PQR456,Mountain Mist Deodorant,171.78,5
452,CUST014,09/11/2023,PQR456,Rosemary Relaxation Bath Oil,421.15,7
453,CUST024,30/10/2023,MNO345,Peachy Keen Blush,442.17,9
454,CUST051,09/04/2023,QRS345,Sapphire Skies Eyeliner,51.92,1
455,CUST016,19/10/2023,OPQ789,Tropical Paradise Body Lotion,333.44,10
456,CUST073,03/06/2023,RST012,Mystic Forest Eyeshadow,473.63,3
457,CUST027,07/10/2023,LMN456,Cocoa Butter Body Butter,392.18,4
458,CUST065,30/09/2023,ZAB234,Rose Petal Face Mask,172.3,3
459,CUST098,31/05/2023,RST012,Cotton Candy Lip Gloss,371.92,5
460,CUST094,26/02/2023,STU789,Cherry Blossom Shampoo,204.37,8
461,CUST096,17/04/2023,NOP890,Eucalyptus Elegance Shampoo,385.51,8
462,CUST047,04/04/2023,UVW345,Sunset Serenade Lipstick,168.48,8
463,CUST039,08/07/2023,KLM567,Maple Syrup Lip Balm,90.77,7
464,CUST071,16/10/2023,WXY901,Lilac Love Hand Soap,11.75,8
465,CUST064,30/07/2023,JKL012,Pumpkin Spice Body Scrub,85.24,3
466,CUST032,05/05/2023,KLM567,Jasmine Joy Bubble Bath,101.75,4
467,CUST015,25/08/2023,ABC123,Peppermint Patty Foot Cream,219.22,7
468,CUST049,24/10/2023,NOP890,Plum Perfect Nail Polish Remover,136.53,9
469,CUST090,11/06/2023,OPQ567,Cotton Candy Lip Gloss,36.41,7
470,CUST088,21/05/2023,JKL012,Cotton Candy Lip Gloss,138.74,7
471,CUST056,08/05/2023,LMN456,Jasmine Joy Bubble Bath,164.41,8
472,CUST019,05/10/2023,BCD678,Mountain Mist Deodorant,386.46,5
473,CUST046,19/12/2023,BCD890,Rosemary Relaxation Bath Oil,445.36,5
474,CUST057,10/12/2023,IJK123,Peachy Keen Blush,202.33,10
475,CUST025,16/06/2023,ABC123,Eucalyptus Elegance Shampoo,384.49,1
476,CUST043,03/05/2023,ABC123,Pineapple Paradise Body Spray,105.78,5
477,CUST015,25/09/2023,EFG901,Blueberry Blast Face Wash,91.24,5
478,CUST068,29/11/2023,KLM789,Winter Wonderland Nail Polish,263.73,9
479,CUST017,05/01/2023,TUV456,Mountain Mist Deodorant,326.31,2
480,CUST078,09/08/2023,YZA567,Ruby Red Lip Liner,170.52,1
481,CUST009,22/10/2023,CDE567,Midnight Moonlight Candle,437.34,6
482,CUST064,13/05/2023,TUV456,Emerald Enchantment Mascara,335.82,8
483,CUST078,13/09/2023,TUV678,Peachy Keen Blush,272.96,2
484,CUST006,14/03/2023,KLM789,Berry Bliss Lip Balm,338.96,7
485,CUST088,06/03/2023,FGH890,Mountain Mist Deodorant,118.68,6
486,CUST063,03/08/2023,TUV678,Peachy Keen Blush,50.74,9
487,CUST078,10/08/2023,ZAB012,Peachy Keen Blush,90.62,4
488,CUST087,04/08/2023,DEF456,Mango Tango Hair Serum,65.33,1
489,CUST030,24/08/2023,RST012,Winter Wonderland Nail Polish,324.16,2
490,CUST006,05/07/2023,BCD890,Cocoa Butter Body Butter,30.33,10
491,CUST035,16/11/2023,WXY901,Cherry Blossom Shampoo,421.18,5
492,CUST016,07/09/2023,ZAB012,Cotton Candy Lip Gloss,32.8,1
493,CUST007,18/10/2023,EFG901,Rosemary Relaxation Bath Oil,7.26,8
494,CUST039,15/09/2023,UVW345,Turquoise Tranquility Face Toner,169.23,5
495,CUST025,20/12/2023,ZAB012,Grapefruit Glow Body Wash,489.04,6
496,CUST039,17/03/2023,TUV456,Peppermint Patty Foot Cream,407.03,7
497,CUST027,05/05/2023,QRS345,Tropical Paradise Body Lotion,10.75,6
498,CUST099,20/09/2023,GHI789,Ruby Red Lip Liner,30.37,10
499,CUST010,14/08/2023,GHI567,Ruby Red Lip Liner,443.06,6
500,CUST090,26/06/2023,QRS345,Sunflower Sunshine Sunblock,43.02,4
501,CUST051,13/03/2023,LMN456,Citrus Splash Perfume,363.7,4
502,CUST018,23/05/2023,YZA567,Golden Glow Highlighter,182.24,9
503,CUST045,22/12/2023,DEF456,Sunset Serenade Lipstick,400.73,9
504,CUST041,01/03/2023,EFG123,Cherry Blossom Shampoo,361.55,8
505,CUST063,14/08/2023,ABC123,Midnight Moonlight Candle,226.08,4
506,CUST094,18/06/2023,EFG901,Rosemary Relaxation Bath Oil,168.01,5
507,CUST060,23/09/2023,OPQ567,Maple Syrup Lip Balm,6.46,3
508,CUST049,02/12/2023,HIJ234,Emerald Enchantment Mascara,190.27,6
509,CUST046,17/09/2023,JKL012,Cherry Cheesecake Lip Scrub,308.05,10
510,CUST054,20/07/2023,MNO345,Lavender Fields Bath Salts,242.48,5
511,CUST030,12/09/2023,DEF456,Midnight Moonlight Candle,423.33,1
512,CUST047,04/06/2023,GHI789,Ruby Red Lip Liner,94.29,2
513,CUST009,25/06/2023,ZAB012,Rosemary Relaxation Bath Oil,149.28,8
514,CUST037,13/11/2023,TUV678,Berry Bliss Lip Balm,474.23,8
515,CUST014,06/06/2023,TUV678,Mango Tango Hair Serum,114.05,7
516,CUST034,16/12/2023,WXY901,Winter Wonderland Nail Polish,183.84,3
517,CUST022,14/08/2023,FGH890,Sunset Serenade Lipstick,111.51,1
518,CUST078,12/02/2023,RST012,Pineapple Paradise Body Spray,189.1,8
519,CUST042,06/09/2023,CDE567,Lavender Fields Bath Salts,235.15,7
520,CUST043,12/12/2023,EFG123,Cherry Blossom Shampoo,265.26,7
521,CUST088,17/08/2023,ABC901,Coral Crush Nail File,183.26,6
522,CUST047,03/03/2023,XYZ678,Champagne Sparkle Body Powder,46.59,8
523,CUST026,11/03/2023,PQR456,Rose Petal Face Mask,155.96,4
524,CUST081,11/08/2023,BCD890,Winter Wonderland Nail Polish,151.53,1
525,CUST099,07/05/2023,WXY901,Pumpkin Spice Body Scrub,364.25,4
526,CUST093,06/02/2023,IJK123,Golden Glow Highlighter,223.56,10
527,CUST059,28/11/2023,DEF456,Cotton Candy Lip Gloss,62.15,9
528,CUST035,12/06/2023,EFG901,Cherry Blossom Shampoo,249.93,8
529,CUST004,04/01/2023,IJK901,Grapefruit Glow Body Wash,243.72,1
530,CUST048,16/10/2023,ZAB012,Peachy Keen Blush,295.63,4
531,CUST078,18/08/2023,GHI789,Eucalyptus Elegance Shampoo,51.32,6
532,CUST001,16/08/2023,FGH678,Jasmine Joy Bubble Bath,197.38,9
533,CUST094,11/07/2023,CDE345,Mango Tango Hair Serum,11.14,6
534,CUST007,12/03/2023,IJK123,Cucumber Coolness Face Mask,265.32,1
535,CUST013,14/05/2023,MNO123,Rose Petal Face Mask,396.12,8
536,CUST043,25/02/2023,CDE567,Ocean Breeze Body Wash,364.25,5
537,CUST032,25/09/2023,WXY789,Lemon Twist Perfume,474.19,7
538,CUST041,01/06/2023,YZA345,Berry Bliss Lip Balm,117.5,8
539,CUST061,12/07/2023,PQR678,Lavender Fields Bath Salts,333.67,2
540,CUST100,17/09/2023,HIJ234,Cucumber Coolness Face Mask,125.51,8
541,CUST047,14/01/2023,DEF234,Oceanic Opulence Body Butter,154.95,1
542,CUST017,07/08/2023,FGH890,Blueberry Blast Face Wash,369.78,3
543,CUST034,24/10/2023,DEF456,Berry Bliss Lip Balm,81.75,6
544,CUST098,28/05/2023,DEF456,Cinnamon Swirl Body Oil,245.46,8
545,CUST026,14/03/2023,TUV678,Mango Tango Hair Serum,243.06,4
546,CUST053,16/02/2023,ABC901,Sunflower Sunshine Sunblock,37.78,8
547,CUST044,28/09/2023,DEF456,Turquoise Tranquility Face Toner,220.01,2
548,CUST042,05/09/2023,ZAB012,Tropical Paradise Body Lotion,262.62,3
549,CUST059,18/03/2023,MNO345,Berry Bliss Lip Balm,79.7,3
550,CUST009,06/02/2023,EFG123,Vanilla Bean Hand Cream,72.57,8
551,CUST081,02/04/2023,QRS123,Sunflower Sunshine Sunblock,60.94,6
552,CUST061,31/01/2023,WXY789,Winter Wonderland Nail Polish,310.39,7
553,CUST096,19/03/2023,KLM789,Jasmine Joy Bubble Bath,72.27,5
554,CUST017,10/11/2023,ZAB012,Jasmine Joy Bubble Bath,79.94,6
555,CUST074,20/08/2023,WXY789,Emerald Enchantment Mascara,472.38,5
556,CUST100,28/03/2023,CDE567,Peony Passion Makeup Remover,412.46,3
557,CUST004,30/03/2023,LMN456,Cotton Candy Lip Gloss,20.78,7
558,CUST086,06/08/2023,YZA345,Rosemary Relaxation Bath Oil,221.75,2
559,CUST024,07/05/2023,DEF234,Cotton Candy Lip Gloss,456.69,1
560,CUST100,18/01/2023,OPQ789,Cotton Candy Lip Gloss,466.54,8
561,CUST041,28/05/2023,OPQ567,Rosemary Relaxation Bath Oil,248.51,4
562,CUST082,14/04/2023,EFG123,Cotton Candy Lip Gloss,21.89,6
563,CUST050,07/11/2023,ABC123,Lavender Fields Bath Salts,198.67,2
564,CUST095,11/01/2023,EFG123,Peachy Keen Blush,451.89,3
565,CUST004,08/04/2023,VWX234,Jasmine Joy Bubble Bath,313.43,9
566,CUST070,11/11/2023,MNO345,Rose Petal Face Mask,263.6,4
567,CUST063,09/03/2023,STU789,Citrus Splash Perfume,315.78,9
568,CUST086,09/11/2023,BCD890,Turquoise Tranquility Face Toner,416.13,7
569,CUST075,04/01/2023,CDE567,Peachy Keen Blush,7.03,7
570,CUST019,09/04/2023,ZAB234,Winter Wonderland Nail Polish,350.03,9
571,CUST034,26/06/2023,TUV456,Eucalyptus Elegance Shampoo,346.54,9
572,CUST097,08/08/2023,JKL012,Lilac Love Hand Soap,490.31,8
573,CUST053,08/03/2023,LMN234,Vanilla Bean Hand Cream,164.33,6
574,CUST034,15/01/2023,HIJ456,Sunset Serenade Lipstick,314.47,8
575,CUST068,17/09/2023,CDE345,Lavender Fields Bath Salts,291.47,2
576,CUST080,31/08/2023,ABC901,Winter Wonderland Nail Polish,270.2,2
577,CUST023,08/03/2023,BCD678,Sapphire Skies Eyeliner,82.98,1
578,CUST077,08/05/2023,DEF456,Amethyst Allure Eye Cream,289.66,2
579,CUST022,30/05/2023,GHI567,Mountain Mist Deodorant,312.59,3
580,CUST056,09/12/2023,KLM567,Lemonade Lip Liner,109.31,7
581,CUST040,20/06/2023,YZA567,Tropical Paradise Body Lotion,78.85,8
582,CUST061,06/06/2023,GHI789,Cucumber Coolness Face Mask,54.44,1
583,CUST038,27/02/2023,UVW345,Coral Crush Nail File,302.01,4
584,CUST061,28/10/2023,EFG123,Mango Tango Hair Serum,114.39,8
585,CUST022,21/12/2023,ZAB012,Grapefruit Glow Body Wash,482.63,5
586,CUST083,04/10/2023,STU789,Coral Crush Nail File,237.53,10
587,CUST053,14/10/2023,VWX012,Champagne Sparkle Body Powder,233.61,6
588,CUST079,21/08/2023,YZA567,Blueberry Blast Face Wash,49.55,9
589,CUST064,30/08/2023,EFG123,Cinnamon Swirl Body Oil,384.12,1
590,CUST051,22/02/2023,VWX012,Mountain Mist Deodorant,106.2,1
591,CUST007,22/09/2023,STU789,Peppermint Patty Foot Cream,294.27,9
592,CUST041,16/07/2023,UVW345,Pineapple Paradise Body Spray,280.25,3
593,CUST031,01/05/2023,GHI789,Sunflower Sunshine Sunblock,388.23,8
594,CUST087,21/05/2023,YZA345,Ruby Red Lip Liner,447.45,9
595,CUST067,11/07/2023,GHI567,Mountain Mist Deodorant,42.89,10
596,CUST033,12/04/2023,HIJ456,Coral Crush Nail File,194.95,5
597,CUST055,03/04/2023,VWX012,Aloe Vera Sunscreen,149.46,2
598,CUST039,27/10/2023,BCD678,Champagne Sparkle Body Powder,352.47,3
599,CUST091,09/01/2023,PQR678,Cocoa Butter Body Butter,410.19,6
600,CUST074,08/02/2023,KLM789,Sunset Serenade Lipstick,291.7,5
601,CUST074,17/04/2023,CDE345,Emerald Enchantment Mascara,497.9,7
602,CUST080,01/07/2023,ZAB012,Lemon Twist Perfume,40.82,7
603,CUST050,06/09/2023,XYZ678,Turquoise Tranquility Face Toner,88.85,4
604,CUST039,15/04/2023,KLM789,Golden Glow Highlighter,87.27,8
605,CUST023,18/01/2023,IJK123,Amber Aura Cologne,106.94,2
606,CUST059,20/08/2023,IJK123,Sunflower Sunshine Sunblock,336.2,5
607,CUST078,06/09/2023,NOP012,Maple Syrup Lip Balm,252.69,6
608,CUST099,22/08/2023,TUV456,Tropical Paradise Body Lotion,188.99,6
609,CUST004,15/11/2023,CDE345,Silver Lining Nail Clippers,158.55,10
610,CUST079,26/11/2023,BCD890,Mystic Forest Eyeshadow,185.41,4
611,CUST029,25/12/2023,OPQ567,Turquoise Tranquility Face Toner,152.82,6
612,CUST091,22/07/2023,DEF234,Ruby Red Lip Liner,365.05,7
613,CUST052,04/10/2023,ABC123,Cinnamon Swirl Body Oil,87.34,6
614,CUST087,05/12/2023,ABC901,Pineapple Paradise Body Spray,232.83,6
615,CUST094,04/06/2023,EFG901,Golden Glow Highlighter,144.94,10
616,CUST074,28/03/2023,RST012,Mango Tango Hair Serum,461.33,9
617,CUST054,19/05/2023,MNO345,Amber Aura Cologne,266.38,3
618,CUST097,12/07/2023,GHI567,Sapphire Skies Eyeliner,218.54,5
619,CUST003,16/04/2023,STU901,Mountain Mist Deodorant,427.85,7
620,CUST077,15/03/2023,ABC123,Vanilla Bean Hand Cream,436.53,1
621,CUST027,18/04/2023,WXY901,Turquoise Tranquility Face Toner,17.01,10
622,CUST043,27/02/2023,VWX012,Ocean Breeze Body Wash,466.29,4
623,CUST048,11/01/2023,BCD890,Amethyst Allure Eye Cream,320.09,3
624,CUST076,20/03/2023,TUV456,Cocoa Butter Body Butter,165.39,6
625,CUST041,01/09/2023,DEF234,Aloe Vera Sunscreen,99.23,5
626,CUST052,14/05/2023,JKL890,Amethyst Allure Eye Cream,153.58,9
627,CUST099,26/09/2023,QRS123,Cocoa Butter Body Butter,497.78,2
628,CUST100,13/09/2023,CDE567,Oceanic Opulence Body Butter,375.35,3
629,CUST057,28/03/2023,YZA567,Midnight Moonlight Candle,419.75,2
630,CUST030,25/10/2023,DEF456,Midnight Moonlight Candle,307.31,4
631,CUST033,08/07/2023,BCD678,Lilac Love Hand Soap,44.94,2
632,CUST058,03/06/2023,EFG123,Sunflower Sunshine Sunblock,425.78,10
633,CUST071,27/03/2023,XYZ678,Amber Aura Cologne,324.72,6
634,CUST012,08/10/2023,PQR678,Grapefruit Glow Body Wash,326.36,8
635,CUST080,23/02/2023,MNO123,Vanilla Bean Hand Cream,491.28,2
636,CUST007,15/12/2023,VWX012,Plum Perfect Nail Polish Remover,210.43,5
637,CUST096,19/06/2023,DEF234,Sapphire Skies Eyeliner,195.34,1
638,CUST076,26/01/2023,JKL890,Cherry Cheesecake Lip Scrub,254.8,3
639,CUST062,28/07/2023,ZAB234,Winter Wonderland Nail Polish,128.73,9
640,CUST036,08/08/2023,ABC123,Ocean Breeze Body Wash,434.8,10
641,CUST001,23/03/2023,QRS345,Grapefruit Glow Body Wash,211.39,9
642,CUST071,23/05/2023,EFG123,Jasmine Joy Bubble Bath,178.74,5
643,CUST030,10/07/2023,CDE345,Sapphire Skies Eyeliner,264.55,8
644,CUST034,11/08/2023,NOP890,Oceanic Opulence Body Butter,123.58,10
645,CUST004,23/12/2023,XYZ678,Sunflower Sunshine Sunblock,279.66,3
646,CUST061,17/06/2023,FGH678,Plum Perfect Nail Polish Remover,199.32,6
647,CUST055,29/06/2023,YZA345,Turquoise Tranquility Face Toner,141.44,7
648,CUST014,25/06/2023,LMN456,Blueberry Blast Face Wash,358.71,8
649,CUST076,27/11/2023,MNO123,Amethyst Allure Eye Cream,27.54,6
650,CUST040,07/05/2023,BCD678,Citrus Splash Perfume,103.62,3
651,CUST036,28/03/2023,JKL890,Peony Passion Makeup Remover,32.18,8
652,CUST095,06/05/2023,ABC901,Citrus Splash Perfume,50.2,7
653,CUST068,01/12/2023,RST012,Cherry Cheesecake Lip Scrub,479.81,7
654,CUST076,10/09/2023,DEF234,Sunset Serenade Lipstick,391.49,6
655,CUST066,01/12/2023,FGH678,Tropical Paradise Body Lotion,148.89,9
656,CUST076,05/09/2023,ZAB012,Pineapple Paradise Body Spray,223.38,10
657,CUST003,21/12/2023,UVW345,Peachy Keen Blush,445.57,9
658,CUST051,17/07/2023,LMN456,Sunflower Sunshine Sunblock,490.54,6
659,CUST098,09/04/2023,STU789,Pineapple Paradise Body Spray,7.09,3
660,CUST100,12/02/2023,BCD890,Eucalyptus Elegance Shampoo,357.6,7
661,CUST056,04/12/2023,GHI567,Eucalyptus Elegance Shampoo,292.64,8
662,CUST051,17/04/2023,CDE567,Peachy Keen Blush,247.31,8
663,CUST069,04/02/2023,PQR678,Coral Crush Nail File,115.33,4
664,CUST076,30/08/2023,UVW345,Citrus Splash Perfume,26.77,4
665,CUST088,24/02/2023,IJK901,Mountain Mist Deodorant,219.6,10
666,CUST073,30/12/2023,EFG901,Plum Perfect Nail Polish Remover,48.62,6
667,CUST021,29/10/2023,KLM789,Peachy Keen Blush,105.78,5
668,CUST043,28/10/2023,PQR456,Emerald Enchantment Mascara,136.73,4
669,CUST064,14/07/2023,MNO123,Mango Tango Hair Serum,54.21,5
670,CUST025,03/12/2023,HIJ456,Jasmine Joy Bubble Bath,471.15,9
671,CUST034,04/05/2023,FGH890,Rose Petal Face Mask,429.39,5
672,CUST025,23/07/2023,NOP012,Golden Glow Highlighter,431.83,3
673,CUST095,13/11/2023,FGH678,Ocean Breeze Body Wash,115.86,3
674,CUST074,01/01/2023,STU789,Midnight Moonlight Candle,214.8,1
675,CUST039,02/01/2023,TUV456,Peony Passion Makeup Remover,326.6,2
676,CUST053,13/07/2023,FGH678,Cucumber Coolness Face Mask,338.64,5
677,CUST088,16/12/2023,CDE345,Mountain Mist Deodorant,44.8,8
678,CUST098,02/08/2023,ZAB012,Honeydew Melon Body Mist,13.74,6
679,CUST051,18/06/2023,JKL890,Sapphire Skies Eyeliner,249.74,1
680,CUST043,10/04/2023,PQR678,Maple Syrup Lip Balm,120.61,5
681,CUST082,16/09/2023,NOP012,Berry Bliss Lip Balm,118.54,4
682,CUST045,20/02/2023,JKL890,Cotton Candy Lip Gloss,307.1,6
683,CUST053,19/11/2023,QRS123,Cinnamon Swirl Body Oil,62.74,5
684,CUST046,24/10/2023,NOP890,Berry Bliss Lip Balm,171.83,3
685,CUST068,14/02/2023,EFG901,Lilac Love Hand Soap,182.63,1
686,CUST002,09/03/2023,NOP890,Amethyst Allure Eye Cream,381.03,7
687,CUST068,21/07/2023,FGH890,Mountain Mist Deodorant,189.23,10
688,CUST088,16/01/2023,QRS345,Blueberry Blast Face Wash,199.53,8
689,CUST035,15/08/2023,CDE567,Cherry Blossom Shampoo,330.5,9
690,CUST052,14/03/2023,ZAB234,Turquoise Tranquility Face Toner,442.36,5
691,CUST070,20/07/2023,WXY901,Lemonade Lip Liner,319.76,5
692,CUST071,04/12/2023,ZAB012,Cherry Blossom Shampoo,444.38,6
693,CUST011,19/09/2023,PQR456,Cherry Cheesecake Lip Scrub,368.8,7
694,CUST025,10/03/2023,NOP012,Amethyst Allure Eye Cream,254.48,2
695,CUST039,29/04/2023,GHI567,Cherry Cheesecake Lip Scrub,104.09,7
696,CUST096,06/11/2023,QRS123,Midnight Moonlight Candle,201.39,8
697,CUST063,23/03/2023,TUV456,Rose Petal Face Mask,419.23,5
698,CUST015,28/10/2023,VWX234,Cherry Blossom Shampoo,144.52,7
699,CUST091,25/10/2023,EFG123,Ruby Red Lip Liner,267.16,1
700,CUST036,03/04/2023,PQR456,Emerald Enchantment Mascara,267.85,6
701,CUST019,20/07/2023,EFG901,Midnight Moonlight Candle,42.69,9
702,CUST024,15/08/2023,STU789,Cucumber Coolness Face Mask,159.86,4
703,CUST059,26/05/2023,TUV678,Pumpkin Spice Body Scrub,396.43,6
704,CUST034,19/07/2023,HIJ456,Cocoa Butter Body Butter,498.8,5
705,CUST077,26/12/2023,IJK123,Champagne Sparkle Body Powder,487.84,1
706,CUST042,13/03/2023,RST012,Cherry Blossom Shampoo,142.03,1
707,CUST015,02/09/2023,BCD890,Sapphire Skies Eyeliner,444.25,1
708,CUST066,06/06/2023,VWX012,Grapefruit Glow Body Wash,310.92,8
709,CUST067,19/07/2023,LMN456,Golden Glow Highlighter,206.39,1
710,CUST100,20/01/2023,STU901,Aloe Vera Sunscreen,122.23,7
711,CUST046,01/03/2023,VWX012,Maple Syrup Lip Balm,294.84,7
712,CUST062,24/05/2023,GHI789,Ruby Red Lip Liner,455.18,6
713,CUST025,05/08/2023,EFG901,Vanilla Bean Hand Cream,126.13,9
714,CUST086,09/11/2023,NOP012,Coconut Dream Hair Mask,320.5,6
715,CUST083,22/01/2023,VWX234,Sapphire Skies Eyeliner,45.1,3
716,CUST016,29/12/2023,VWX234,Coconut Dream Hair Mask,452.51,9
717,CUST080,16/05/2023,STU901,Cherry Blossom Shampoo,309.45,10
718,CUST024,17/05/2023,LMN456,Golden Glow Highlighter,188.95,5
719,CUST090,25/10/2023,JKL890,Lemonade Lip Liner,329.7,6
720,CUST072,06/09/2023,DEF234,Rosemary Relaxation Bath Oil,70.37,7
721,CUST046,06/09/2023,STU789,Cotton Candy Lip Gloss,100.46,5
722,CUST021,04/06/2023,EFG901,Peony Passion Makeup Remover,446.99,7
723,CUST026,13/04/2023,FGH890,Sapphire Skies Eyeliner,75.78,3
724,CUST013,11/11/2023,STU901,Cherry Cheesecake Lip Scrub,62.71,9
725,CUST005,12/12/2023,ABC123,Sunset Serenade Lipstick,333.78,5
726,CUST004,28/11/2023,JKL012,Amber Aura Cologne,31.43,7
727,CUST097,24/06/2023,DEF234,Grapefruit Glow Body Wash,304.34,1
728,CUST085,01/11/2023,DEF456,Honeydew Melon Body Mist,212.05,2
729,CUST061,26/01/2023,YZA567,Amber Aura Cologne,235.31,1
730,CUST018,01/03/2023,FGH678,Peppermint Patty Foot Cream,485.9,5
731,CUST075,23/10/2023,PQR456,Lemon Twist Perfume,444.6,1
732,CUST014,27/12/2023,BCD890,Lemon Twist Perfume,89.57,5
733,CUST044,14/07/2023,ZAB012,Plum Perfect Nail Polish Remover,451.48,9
734,CUST032,22/12/2023,ABC901,Amber Aura Cologne,5.25,7
735,CUST047,15/10/2023,IJK901,Champagne Sparkle Body Powder,350.75,8
736,CUST022,05/06/2023,QRS345,Mountain Mist Deodorant,107.52,8
737,CUST025,05/04/2023,TUV456,Cinnamon Swirl Body Oil,379.26,2
738,CUST098,06/07/2023,ZAB012,Cucumber Coolness Face Mask,398.3,8
739,CUST011,20/11/2023,EFG123,Tropical Paradise Body Lotion,353.86,9
740,CUST052,12/04/2023,LMN234,Silver Lining Nail Clippers,423.43,10
741,CUST051,01/12/2023,XYZ678,Amethyst Allure Eye Cream,47.27,10
742,CUST071,19/12/2023,BCD890,Lemon Twist Perfume,97.73,3
743,CUST023,04/11/2023,DEF234,Rose Petal Face Mask,439.44,2
744,CUST091,21/07/2023,BCD890,Cherry Blossom Shampoo,372.33,8
745,CUST003,17/12/2023,RST012,Lilac Love Hand Soap,368.85,10
746,CUST043,28/03/2023,NOP890,Maple Syrup Lip Balm,357.56,3
747,CUST068,06/03/2023,DEF456,Peachy Keen Blush,316.48,10
748,CUST043,07/04/2023,NOP890,Emerald Enchantment Mascara,325.81,1
749,CUST099,05/05/2023,GHI789,Sapphire Skies Eyeliner,404.31,6
750,CUST063,13/12/2023,QRS123,Rose Petal Face Mask,384.11,9
751,CUST028,30/06/2023,CDE567,Sunset Serenade Lipstick,240.63,7
752,CUST010,09/10/2023,NOP890,Amber Aura Cologne,149.1,10
753,CUST002,27/05/2023,KLM567,Ocean Breeze Body Wash,233.15,1
754,CUST038,07/05/2023,TUV456,Plum Perfect Nail Polish Remover,80.45,8
755,CUST084,25/05/2023,KLM567,Eucalyptus Elegance Shampoo,192.75,9
756,CUST015,09/01/2023,JKL012,Grapefruit Glow Body Wash,434.39,9
757,CUST089,24/11/2023,UVW345,Jasmine Joy Bubble Bath,487.34,2
758,CUST070,27/12/2023,WXY901,Pineapple Paradise Body Spray,390.84,3
759,CUST094,03/07/2023,OPQ789,Golden Glow Highlighter,144.8,9
760,CUST041,27/05/2023,BCD890,Plum Perfect Nail Polish Remover,107.2,6
761,CUST047,30/11/2023,STU789,Maple Syrup Lip Balm,56.92,4
762,CUST058,30/06/2023,EFG123,Winter Wonderland Nail Polish,481.81,1
763,CUST072,26/04/2023,NOP012,Cocoa Butter Body Butter,318.83,4
764,CUST059,15/09/2023,ZAB234,Tropical Paradise Body Lotion,460.95,2
765,CUST051,10/10/2023,JKL012,Ruby Red Lip Liner,205.6,8
766,CUST056,23/11/2023,STU901,Sapphire Skies Eyeliner,281.79,2
767,CUST028,05/05/2023,NOP890,Emerald Enchantment Mascara,144.22,5
768,CUST015,09/10/2023,KLM789,Pumpkin Spice Body Scrub,82.39,8
769,CUST010,28/07/2023,HIJ234,Silver Lining Nail Clippers,31.94,9
770,CUST082,29/10/2023,PQR678,Cucumber Coolness Face Mask,350.57,10
771,CUST064,10/01/2023,WXY789,Golden Glow Highlighter,196.35,9
772,CUST017,09/09/2023,PQR678,Lemon Twist Perfume,225.25,6
773,CUST030,13/09/2023,KLM567,Peony Passion Makeup Remover,470.38,8
774,CUST029,24/10/2023,IJK123,Vanilla Bean Hand Cream,471.42,7
775,CUST016,17/07/2023,FGH678,Cucumber Coolness Face Mask,46.96,3
776,CUST070,18/10/2023,PQR456,Sapphire Skies Eyeliner,258.59,5
777,CUST045,29/06/2023,OPQ789,Mango Tango Hair Serum,401.19,9
778,CUST064,15/05/2023,OPQ567,Cocoa Butter Body Butter,167.94,8
779,CUST099,29/07/2023,STU789,Grapefruit Glow Body Wash,375.89,1
780,CUST078,10/02/2023,KLM567,Mango Tango Hair Serum,410.57,1
781,CUST088,28/05/2023,QRS345,Champagne Sparkle Body Powder,147.29,7
782,CUST029,07/04/2023,ZAB234,Champagne Sparkle Body Powder,401.44,4
783,CUST018,04/03/2023,BCD678,Peppermint Patty Foot Cream,367.73,1
784,CUST085,01/12/2023,DEF456,Pineapple Paradise Body Spray,461.78,4
785,CUST081,21/07/2023,ABC901,Cherry Blossom Shampoo,396.02,9
786,CUST048,30/03/2023,XYZ678,Honeydew Melon Body Mist,184.45,7
787,CUST032,14/07/2023,ABC123,Turquoise Tranquility Face Toner,191.11,3
788,CUST037,05/12/2023,IJK123,Lilac Love Hand Soap,238.15,4
789,CUST001,29/09/2023,VWX012,Sunset Serenade Lipstick,120.45,3
790,CUST022,22/09/2023,QRS345,Cherry Blossom Shampoo,69.12,10
791,CUST046,05/06/2023,GHI567,Ocean Breeze Body Wash,151.35,10
792,CUST019,12/05/2023,DEF456,Blueberry Blast Face Wash,97.28,10
793,CUST012,02/03/2023,OPQ789,Grapefruit Glow Body Wash,202.79,7
794,CUST081,15/09/2023,IJK123,Cucumber Coolness Face Mask,307.23,10
795,CUST058,08/05/2023,STU901,Pineapple Paradise Body Spray,440.53,9
796,CUST059,19/10/2023,NOP890,Berry Bliss Lip Balm,253.88,5
797,CUST078,13/01/2023,ZAB234,Pineapple Paradise Body Spray,55.56,1
798,CUST003,01/04/2023,YZA567,Honeydew Melon Body Mist,198.12,7
799,CUST083,15/01/2023,FGH890,Cocoa Butter Body Butter,63.28,9
800,CUST087,19/01/2023,GHI567,Coral Crush Nail File,446.87,1
801,CUST022,04/06/2023,JKL012,Turquoise Tranquility Face Toner,412.56,1
802,CUST046,11/12/2023,FGH890,Coconut Dream Hair Mask,387.48,1
803,CUST062,06/08/2023,FGH890,Cherry Blossom Shampoo,427.3,9
804,CUST016,06/02/2023,DEF456,Blueberry Blast Face Wash,304.88,3
805,CUST007,21/12/2023,KLM567,Golden Glow Highlighter,481.08,1
806,CUST056,02/02/2023,ZAB012,Rosemary Relaxation Bath Oil,120.35,7
807,CUST069,12/04/2023,OPQ567,Lemon Twist Perfume,155.16,3
808,CUST044,16/04/2023,KLM789,Coconut Dream Hair Mask,224.81,1
809,CUST046,21/12/2023,DEF234,Lavender Fields Bath Salts,271.63,8
810,CUST087,17/06/2023,PQR678,Sunset Serenade Lipstick,297.52,8
811,CUST070,14/09/2023,ABC123,Plum Perfect Nail Polish Remover,66.78,10
812,CUST045,29/01/2023,NOP890,Lemonade Lip Liner,208.26,8
813,CUST045,05/01/2023,VWX012,Coral Crush Nail File,457.69,9
814,CUST002,12/04/2023,WXY789,Sapphire Skies Eyeliner,472.32,10
815,CUST067,02/06/2023,FGH890,Cherry Blossom Shampoo,366.51,6
816,CUST095,24/03/2023,FGH890,Lemonade Lip Liner,421.58,8
817,CUST056,29/06/2023,TUV678,Sunflower Sunshine Sunblock,118.79,8
818,CUST073,19/02/2023,STU901,Citrus Splash Perfume,310.06,10
819,CUST063,02/02/2023,NOP890,Emerald Enchantment Mascara,256.08,10
820,CUST066,27/10/2023,IJK123,Silver Lining Nail Clippers,298.29,9
821,CUST047,29/09/2023,GHI789,Citrus Splash Perfume,237.77,6
822,CUST011,25/11/2023,VWX234,Ruby Red Lip Liner,321.92,3
823,CUST086,08/09/2023,RST012,Rosemary Relaxation Bath Oil,412.15,10
824,CUST006,15/05/2023,ZAB234,Maple Syrup Lip Balm,15.93,3
825,CUST067,03/10/2023,OPQ789,Mystic Forest Eyeshadow,219.28,4
826,CUST053,25/09/2023,JKL012,Cinnamon Swirl Body Oil,260.76,1
827,CUST087,06/09/2023,TUV678,Pumpkin Spice Body Scrub,431.24,1
828,CUST094,09/09/2023,MNO123,Midnight Moonlight Candle,91.53,10
829,CUST080,08/07/2023,VWX234,Peachy Keen Blush,115.9,1
830,CUST022,25/07/2023,DEF234,Mango Tango Hair Serum,358.41,9
831,CUST065,04/12/2023,LMN456,Ocean Breeze Body Wash,116.87,2
832,CUST089,22/11/2023,QRS123,Cocoa Butter Body Butter,114.71,5
833,CUST096,24/03/2023,GHI789,Cotton Candy Lip Gloss,127.64,9
834,CUST097,18/10/2023,STU789,Cinnamon Swirl Body Oil,242.73,3
835,CUST019,16/12/2023,XYZ678,Amber Aura Cologne,173.63,10
836,CUST052,23/03/2023,FGH678,Lemon Twist Perfume,252.38,6
837,CUST004,30/08/2023,YZA567,Winter Wonderland Nail Polish,231.18,9
838,CUST068,23/11/2023,TUV678,Amethyst Allure Eye Cream,152.48,7
839,CUST072,18/11/2023,HIJ234,Coconut Dream Hair Mask,65.49,4
840,CUST099,08/09/2023,GHI567,Cherry Blossom Shampoo,144.4,8
841,CUST061,14/04/2023,EFG901,Tropical Paradise Body Lotion,383.84,7
842,CUST034,19/12/2023,RST012,Lavender Fields Bath Salts,273.5,5
843,CUST037,13/02/2023,QRS123,Cherry Cheesecake Lip Scrub,390.64,4
844,CUST046,20/07/2023,VWX234,Peppermint Patty Foot Cream,87.14,4
845,CUST074,12/10/2023,ABC901,Winter Wonderland Nail Polish,439.75,5
846,CUST009,23/09/2023,OPQ789,Cinnamon Swirl Body Oil,398.63,10
847,CUST061,20/02/2023,ABC123,Maple Syrup Lip Balm,180.58,10
848,CUST027,17/09/2023,TUV456,Cotton Candy Lip Gloss,283.79,1
849,CUST029,11/10/2023,ZAB012,Ocean Breeze Body Wash,69.8,7
850,CUST009,11/03/2023,FGH890,Amethyst Allure Eye Cream,281.91,9
851,CUST091,03/01/2023,LMN456,Lavender Fields Bath Salts,441.5,6
852,CUST065,21/09/2023,KLM789,Sunset Serenade Lipstick,347.81,7
853,CUST009,26/02/2023,KLM789,Mango Tango Hair Serum,392.66,7
854,CUST026,04/04/2023,YZA567,Maple Syrup Lip Balm,437.15,6
855,CUST015,13/02/2023,GHI789,Plum Perfect Nail Polish Remover,58.23,5
856,CUST023,05/08/2023,JKL012,Champagne Sparkle Body Powder,453.57,10
857,CUST015,24/07/2023,TUV678,Mystic Forest Eyeshadow,19.31,1
858,CUST024,30/09/2023,NOP890,Blueberry Blast Face Wash,27.38,1
859,CUST016,23/04/2023,HIJ234,Citrus Splash Perfume,89.8,2
860,CUST021,14/04/2023,XYZ678,Turquoise Tranquility Face Toner,291.47,9
861,CUST073,15/03/2023,OPQ789,Lemon Twist Perfume,65.07,6
862,CUST071,03/10/2023,ABC901,Blueberry Blast Face Wash,293.32,3
863,CUST047,03/06/2023,PQR678,Blueberry Blast Face Wash,398.87,9
864,CUST047,26/06/2023,STU789,Lemonade Lip Liner,343.84,1
865,CUST091,04/01/2023,CDE567,Lemon Twist Perfume,120.59,9
866,CUST072,08/10/2023,JKL012,Rose Petal Face Mask,191.92,8
867,CUST078,25/01/2023,EFG901,Rosemary Relaxation Bath Oil,170.62,1
868,CUST081,17/07/2023,PQR678,Cocoa Butter Body Butter,152.77,5
869,CUST044,06/10/2023,FGH890,Silver Lining Nail Clippers,224.24,6
870,CUST054,04/12/2023,NOP890,Rose Petal Face Mask,28.4,5
871,CUST015,25/06/2023,EFG901,Lavender Fields Bath Salts,48.48,6
872,CUST073,15/04/2023,MNO345,Lilac Love Hand Soap,272.51,3
873,CUST031,26/11/2023,CDE567,Cocoa Butter Body Butter,312.19,6
874,CUST016,01/10/2023,LMN456,Cucumber Coolness Face Mask,54.55,8
875,CUST082,02/03/2023,OPQ789,Mystic Forest Eyeshadow,352.73,4
876,CUST016,19/07/2023,WXY789,Eucalyptus Elegance Shampoo,250.61,1
877,CUST077,27/11/2023,VWX012,Eucalyptus Elegance Shampoo,271.41,2
878,CUST067,23/05/2023,MNO345,Amber Aura Cologne,339.61,5
879,CUST087,29/10/2023,DEF234,Cocoa Butter Body Butter,307.64,6
880,CUST094,04/12/2023,YZA345,Pumpkin Spice Body Scrub,6.3,8
881,CUST046,24/04/2023,MNO345,Lemon Twist Perfume,110.76,3
882,CUST055,11/01/2023,YZA567,Lemon Twist Perfume,105.62,7
883,CUST004,23/03/2023,UVW345,Pineapple Paradise Body Spray,262.83,10
884,CUST093,20/10/2023,VWX012,Cucumber Coolness Face Mask,143.86,5
885,CUST032,08/05/2023,NOP012,Turquoise Tranquility Face Toner,315.39,10
886,CUST004,14/03/2023,CDE345,Plum Perfect Nail Polish Remover,210.58,10
887,CUST087,30/11/2023,YZA345,Cherry Cheesecake Lip Scrub,72.06,10
888,CUST056,04/03/2023,EFG123,Cherry Cheesecake Lip Scrub,141.72,8
889,CUST002,26/01/2023,DEF456,Sunflower Sunshine Sunblock,330.14,3
890,CUST003,20/11/2023,CDE345,Pineapple Paradise Body Spray,187.03,1
891,CUST081,25/04/2023,OPQ789,Vanilla Bean Hand Cream,36.37,1
892,CUST050,20/05/2023,DEF234,Blueberry Blast Face Wash,393.77,10
893,CUST045,01/04/2023,UVW345,Champagne Sparkle Body Powder,168.78,5
894,CUST067,22/12/2023,EFG901,Mystic Forest Eyeshadow,300.2,4
895,CUST067,06/10/2023,KLM567,Eucalyptus Elegance Shampoo,48.54,3
896,CUST001,24/07/2023,ABC901,Lemonade Lip Liner,33.3,6
897,CUST080,11/05/2023,LMN456,Cinnamon Swirl Body Oil,401.43,6
898,CUST042,17/01/2023,XYZ678,Ruby Red Lip Liner,108.54,8
899,CUST035,17/01/2023,ZAB234,Rosemary Relaxation Bath Oil,329.33,6
900,CUST089,13/02/2023,UVW345,Sunflower Sunshine Sunblock,117.73,4
901,CUST077,22/06/2023,QRS345,Silver Lining Nail Clippers,494.59,10
902,CUST070,27/06/2023,ZAB234,Pineapple Paradise Body Spray,140.47,9
903,CUST030,01/03/2023,MNO345,Emerald Enchantment Mascara,253.12,7
904,CUST009,12/08/2023,STU901,Coral Crush Nail File,71.92,2
905,CUST062,28/06/2023,FGH890,Oceanic Opulence Body Butter,386.65,2
906,CUST004,28/06/2023,IJK123,Eucalyptus Elegance Shampoo,445.28,1
907,CUST015,26/03/2023,LMN234,Rosemary Relaxation Bath Oil,84.72,7
908,CUST040,21/02/2023,ABC123,Cocoa Butter Body Butter,416.53,5
909,CUST062,11/02/2023,BCD678,Champagne Sparkle Body Powder,369.35,10
910,CUST082,21/11/2023,NOP890,Cotton Candy Lip Gloss,43.15,7
911,CUST060,23/01/2023,UVW345,Cherry Blossom Shampoo,270.25,6
912,CUST049,13/02/2023,HIJ234,Cherry Cheesecake Lip Scrub,108.43,1
913,CUST042,01/02/2023,NOP890,Rosemary Relaxation Bath Oil,338.61,6
914,CUST015,10/12/2023,JKL012,Peony Passion Makeup Remover,299.46,9
915,CUST044,12/01/2023,YZA567,Citrus Splash Perfume,185.9,5
916,CUST035,09/12/2023,IJK901,Ocean Breeze Body Wash,132.91,7
917,CUST044,27/07/2023,BCD678,Pineapple Paradise Body Spray,391.84,7
918,CUST036,31/03/2023,STU789,Sunflower Sunshine Sunblock,486.19,10
919,CUST092,27/06/2023,XYZ678,Amber Aura Cologne,414.3,9
920,CUST079,06/09/2023,VWX012,Oceanic Opulence Body Butter,34.5,1
921,CUST052,29/06/2023,BCD890,Grapefruit Glow Body Wash,309.26,6
922,CUST004,09/12/2023,BCD890,Mystic Forest Eyeshadow,414.0,1
923,CUST084,27/02/2023,STU789,Grapefruit Glow Body Wash,282.0,6
924,CUST030,10/06/2023,FGH890,Emerald Enchantment Mascara,277.47,9
925,CUST048,30/12/2023,KLM789,Citrus Splash Perfume,229.81,7
926,CUST096,12/03/2023,UVW345,Emerald Enchantment Mascara,436.61,8
927,CUST014,10/12/2023,STU901,Lavender Fields Bath Salts,466.75,1
928,CUST040,15/11/2023,KLM567,Amethyst Allure Eye Cream,250.21,8
929,CUST047,06/04/2023,NOP890,Vanilla Bean Hand Cream,306.06,9
930,CUST077,07/05/2023,TUV678,Pumpkin Spice Body Scrub,309.85,4
931,CUST039,05/03/2023,ZAB234,Lavender Fields Bath Salts,172.42,8
932,CUST007,02/01/2023,MNO123,Cherry Cheesecake Lip Scrub,75.91,2
933,CUST091,06/06/2023,OPQ789,Tropical Paradise Body Lotion,41.92,8
934,CUST011,13/11/2023,QRS123,Rose Petal Face Mask,192.5,7
935,CUST024,11/03/2023,VWX012,Cinnamon Swirl Body Oil,97.49,1
936,CUST095,20/01/2023,WXY901,Midnight Moonlight Candle,363.3,10
937,CUST072,08/01/2023,ABC123,Rosemary Relaxation Bath Oil,243.25,2
938,CUST052,20/03/2023,KLM567,Blueberry Blast Face Wash,303.75,9
939,CUST070,30/09/2023,YZA567,Cherry Blossom Shampoo,421.26,6
940,CUST031,07/10/2023,VWX234,Grapefruit Glow Body Wash,420.67,3
941,CUST012,13/06/2023,ZAB234,Silver Lining Nail Clippers,267.2,1
942,CUST067,23/09/2023,XYZ678,Ocean Breeze Body Wash,405.74,2
943,CUST033,06/04/2023,DEF234,Blueberry Blast Face Wash,95.67,10
944,CUST060,19/07/2023,GHI567,Mountain Mist Deodorant,286.85,7
945,CUST041,29/11/2023,MNO123,Grapefruit Glow Body Wash,142.15,3
946,CUST089,25/08/2023,FGH890,Coral Crush Nail File,403.87,2
947,CUST005,21/02/2023,CDE567,Eucalyptus Elegance Shampoo,463.29,6
948,CUST022,04/03/2023,MNO123,Lemon Twist Perfume,149.9,6
949,CUST002,16/09/2023,DEF456,Rosemary Relaxation Bath Oil,358.07,3
950,CUST076,25/12/2023,QRS123,Mango Tango Hair Serum,135.7,8
951,CUST068,24/05/2023,VWX234,Rosemary Relaxation Bath Oil,76.99,6
952,CUST008,16/04/2023,ABC901,Tropical Paradise Body Lotion,328.13,8
953,CUST059,06/12/2023,BCD890,Coconut Dream Hair Mask,231.19,2
954,CUST062,04/05/2023,MNO345,Winter Wonderland Nail Polish,460.1,5
955,CUST056,11/01/2023,YZA567,Cinnamon Swirl Body Oil,353.34,4
956,CUST007,24/07/2023,DEF456,Ruby Red Lip Liner,214.42,2
957,CUST081,18/08/2023,BCD678,Eucalyptus Elegance Shampoo,221.28,9
958,CUST040,10/06/2023,LMN456,Cucumber Coolness Face Mask,71.26,10
959,CUST035,06/11/2023,YZA345,Ruby Red Lip Liner,310.29,2
960,CUST064,08/02/2023,MNO345,Mountain Mist Deodorant,372.32,6
961,CUST072,21/10/2023,RST012,Rosemary Relaxation Bath Oil,287.17,2
962,CUST056,17/11/2023,OPQ789,Peony Passion Makeup Remover,274.45,3
963,CUST081,26/10/2023,HIJ234,Midnight Moonlight Candle,110.86,3
964,CUST026,30/06/2023,LMN456,Honeydew Melon Body Mist,108.61,8
965,CUST005,28/09/2023,FGH678,Pineapple Paradise Body Spray,142.21,4
966,CUST093,29/01/2023,PQR456,Cotton Candy Lip Gloss,122.6,2
967,CUST063,15/02/2023,NOP890,Grapefruit Glow Body Wash,406.75,4
968,CUST022,02/08/2023,YZA345,Pineapple Paradise Body Spray,326.63,1
969,CUST048,28/11/2023,CDE567,Sapphire Skies Eyeliner,102.23,2
970,CUST098,23/05/2023,EFG123,Turquoise Tranquility Face Toner,328.25,7
971,CUST083,27/03/2023,XYZ678,Aloe Vera Sunscreen,378.95,6
972,CUST066,07/07/2023,RST012,Berry Bliss Lip Balm,314.85,5
973,CUST098,22/03/2023,GHI789,Mountain Mist Deodorant,212.07,1
974,CUST039,10/09/2023,HIJ456,Emerald Enchantment Mascara,421.16,1
975,CUST039,09/03/2023,IJK901,Amethyst Allure Eye Cream,314.04,7
976,CUST033,10/07/2023,EFG123,Pumpkin Spice Body Scrub,12.15,2
977,CUST092,19/01/2023,VWX234,Grapefruit Glow Body Wash,104.71,6
978,CUST068,04/03/2023,RST012,Mango Tango Hair Serum,124.71,7
979,CUST093,06/02/2023,UVW345,Cherry Blossom Shampoo,74.92,10
980,CUST085,07/10/2023,JKL012,Lavender Fields Bath Salts,116.02,7
981,CUST024,13/08/2023,FGH678,Pumpkin Spice Body Scrub,223.55,7
982,CUST054,18/04/2023,PQR678,Ruby Red Lip Liner,189.2,2
983,CUST086,13/06/2023,XYZ678,Pumpkin Spice Body Scrub,223.03,9
984,CUST017,07/02/2023,VWX234,Peachy Keen Blush,259.87,3
985,CUST059,02/06/2023,VWX234,Mountain Mist Deodorant,333.54,7
986,CUST100,23/05/2023,LMN456,Honeydew Melon Body Mist,231.0,7
987,CUST070,09/03/2023,ABC901,Ocean Breeze Body Wash,363.01,5
988,CUST095,31/03/2023,ABC901,Lemonade Lip Liner,277.23,8
989,CUST037,21/06/2023,NOP012,Plum Perfect Nail Polish Remover,106.83,1
990,CUST097,03/08/2023,EFG123,Cucumber Coolness Face Mask,32.09,7
991,CUST094,02/06/2023,PQR456,Mango Tango Hair Serum,470.46,3
992,CUST005,21/02/2023,DEF456,Maple Syrup Lip Balm,266.21,7
993,CUST006,19/03/2023,WXY789,Tropical Paradise Body Lotion,440.28,7
994,CUST004,27/12/2023,QRS123,Peachy Keen Blush,156.05,1
995,CUST022,27/04/2023,OPQ567,Mountain Mist Deodorant,365.35,2
996,CUST054,26/02/2023,CDE345,Lemon Twist Perfume,211.9,1
997,CUST089,16/05/2023,HIJ234,Mountain Mist Deodorant,422.23,1
998,CUST031,10/01/2023,PQR678,Lilac Love Hand Soap,151.23,3
999,CUST012,25/06/2023,QRS345,Coconut Dream Hair Mask,181.81,7
1000,CUST009,10/05/2023,KLM789,Plum Perfect Nail Polish Remover,288.81,1
